1e9c09_112a6c6a928e492fa5d5b0a8a4b26f10~mv2.png	parametric-pattern-design
1e9c09_312b0648df3a421eae5226d987f4444f~mv2.jpg	interstellar05
1e9c09_89cc590284a54760a333476cc506cf84~mv2.jpg	wi-fi7-gaming-home-gateway
1e9c09_60558f253b8848cbb71cacddff70a190~mv2.jpg	wi-fi7-gaming-home-gateway
1e9c09_cfa75c6deb5b452b8eca6b8d7fc271a0~mv2.jpg	teana-earbuds
1e9c09_264a4186e7a2452da6a7e7137e00cd95~mv2.jpg	interstellar05
1e9c09_9186f4a608dd46038e283d1fc334e895~mv2.jpg	wi-fi7-gaming-home-gateway
1e9c09_9ce48695a6254456a661f7bff07a3dd6~mv2.jpg	networking
1e9c09_c8701669fac24ff69c4c9680a7132bff~mv2.jpg	zenfone-9
1e9c09_8f2f32e8a47443ca9bd5775b98ad5e94~mv2.jpg	wi-fi7-2022
1e9c09_f20578fccd4c4712a181f6f1f3d6caf0~mv2.jpg	sagittarius-laptop
1e9c09_8d8685a146e14227926a7fe427a63fdc~mv2.jpg	wi-fi7-gaming-home-gateway
1e9c09_5a4fcdc39c4b4d6ba7e8b3735c8157bf~mv2.jpg	t-interceptormp
1e9c09_6d42e7a8290e4136a1426d20859406ff~mv2.png	ocean-series
1e9c09_55eb772ff8b24880934f4129180acc49~mv2.png	moai-router
1e9c09_c4c9a2ce7ac1494a8108b9add2337bba~mv2.png	parametric-pattern-design
1e9c09_7ef20040d0914371a1aa061263a0c75b~mv2.jpg	networking
1e9c09_0e70252093764168b44fc6ce385174dbf000.jpg	airgain-fwa-easy-installation-kit
1e9c09_25011471bdf74ec1a2b4682e478f1429~mv2.jpg	lionic-lionfilter-200
1e9c09_51732efbaefe4fe1abe53de0e503e38a~mv2.jpg	geometry-series
1e9c09_0b259705bb194e609b6a14079433cf3a~mv2.png	wi-fi7-hgu-ap
1e9c09_1000764aeec44593bf0fd4555cbc1efb~mv2.png	sagittarius-laptop
1e9c09_14e15da8b91d4a6bbeb8c2b893a8c14c~mv2.jpg	wi-fi7-2022
1e9c09_0b47c69453a94683a0e3329f4e7a55ff~mv2.jpg	wi-fi7-extender
1e9c09_b699855701074209ac12c774c22d5c82~mv2.png	home
1e9c09_dbeba226bacb433584a5b66cc85be317~mv2.jpg	wi-fi7-extender
1e9c09_c3f1f3d46cb049a8a4c9ecf6b8e37b0d~mv2.png	moai-router
1e9c09_a2873c9e94624114bb4adb5cf25b3a45~mv2.jpg	wi-fi7-gaming-home-gateway
1e9c09_c082e56d668349d8a2d60196c5fbddcf~mv2.png	sagittarius-laptop
1e9c09_45374f3bbc5149a18dcb5a401d999c7f~mv2.jpg	wi-fi7-gaming-home-gateway
1e9c09_f6619054456b4581a6aac77dc1e1a96b~mv2.jpg	home
1e9c09_0c330c3768c1423d8518055da97e177d~mv2.jpg	defense
1e9c09_98fb4da6642345a39de831063cbb53b6~mv2.png	moai-router
1e9c09_e3523006a7a548f7b6027d97e0fa7b7c~mv2.jpg	electronics
1e9c09_058b2f16f7794393a18f5c6b8c4e8b8a~mv2.png	zenfone-9
1e9c09_94c7b3edf9054702a29aabb392809662~mv2.jpg	jcg-tough-welding
1e9c09_4e6b98a870794238bf73f57e8af59269~mv2.png	parametric-pattern-design
1e9c09_67ff044d36ab418bae603fea059683ad~mv2.jpg	wi-fi7-2022
1e9c09_c2c3fb50d6924cb990fd590a7b1f5fb4~mv2.jpg	jcg-tough-welding
1e9c09_552533aed504463d8ccb0a86b23fa25d~mv2.png	wi-fi7-hgu-ap
1e9c09_3dd496d61e34498e81e237eb856031ea~mv2.jpg	sagittarius-laptop
1e9c09_f7f1d36edb7043fc85d8974181d356e4~mv2.png	wi-fi7-hgu-ap
1e9c09_0b4d1e77ad144817b3d0697bdf2fdcac~mv2.jpg	wi-fi7-hgu-ap
1e9c09_a35f45521a554332bb3fe58475049f04~mv2.jpg	t-interceptor-cs
1e9c09_8dd30f055ccc470a91d3fa15d95f3c07~mv2.png	geometry-series
1e9c09_530067139c3742d1803869d75ed1efa4~mv2.png	wi-fi7-2022
1e9c09_bd5551d5442f4f5d97da1f1817058974~mv2.jpg	defense
1e9c09_09b9e61a7e354b5f81a65f48e28bb26e~mv2.jpg	t-interceptor-cs
1e9c09_96f6bcd5dbc9424296b269813bc29e19~mv2.png	shared
1e9c09_db76cc98fdae49fcb50d4a61e36c66fd~mv2.png	parametric-pattern-design
1e9c09_203e50e8cf944ca29fc28c58ca6b90ea~mv2.jpg	lionic-lionfilter-200
1e9c09_ade6d4d3b5534a31b34e0406088d88ce~mv2.png	t-blade
1e9c09_50bbd86d06374c929dac715f1ebee8e1~mv2.png	wi-fi7-2022
1e9c09_2d8b5d3cd8c44bf1a2d10f024ff1247e~mv2.png	wi-fi7-gaming-home-gateway
1e9c09_23f4684d397b417bb38ef9d6b7d64c4c~mv2.png	t-interceptor-cs
1e9c09_38efcb7ec0d14856aaea1b3a1449a47d~mv2.jpg	wi-fi7-gaming-home-gateway
1e9c09_30c3b2630817410da6591370d4badf0a~mv2.jpg	wi-fi7-gaming-home-gateway
1e9c09_1bdd5ff7a04548b58e165bc21f658b98~mv2.jpg	shared
1e9c09_5b02edf7276b4e67b10781e2c91f6900~mv2.jpg	wi-fi7-hgu-ap
1e9c09_29714f3e6e074066a295af4c7ec32ef2~mv2.jpg	networking
1e9c09_176f04222bdd4a63b5725cc36fa29a62~mv2.jpg	t-interceptor-cs
1e9c09_b5dc6ebc81a54357a241a1c421c2c862~mv2.jpg	moai-router
1e9c09_4d0281cd2b64485fa4c850e3b4b900f1~mv2.png	assistive-products
1e9c09_b69537dcad8e4c8eac77ec270f7ec173~mv2.jpg	teana-earbuds
1e9c09_84d1ed5fca124870bf57e6377364a05b~mv2.png	parametric-pattern-design
1e9c09_880b58f32d404534a16a518f45840ebd~mv2.jpg	nlg-mma200
1e9c09_2669c8ad66384d09a65c1b37ae016f17~mv2.jpg	lifestyle
1e9c09_1e430c95820e432f8dae0d0985619833~mv2.jpg	geometry-series
1e9c09_7770649255b54ef79dd4702babb4abf4~mv2.jpg	moai-router
1e9c09_1912939e7e5c4a78ae7b44e1400b2b9b~mv2.jpg	home
1e9c09_0298d1a1fd744e74954d6baba441b3d1~mv2.jpg	jcg-tough-welding
1e9c09_22c094a81638433e9bf26382a03fdceb~mv2.png	parametric-pattern-design
1e9c09_0180b4a0f22545419bbd5946a099ef68~mv2.jpg	teana-earbuds
1e9c09_bc04496dfa854bd2a80513843de5a99b~mv2.png	zenfone-9
1e9c09_486478d835a64ace993e967072b0070a~mv2.jpg	ocean-series
1e9c09_2683a98783084871bee8414a454a76c3~mv2.png	parametric-pattern-design
1e9c09_5501cea3aa7a44ea864ab43aa09b71ea~mv2.jpg	defense
1e9c09_11f03689f94440a7a4be7a935ff18979~mv2.jpg	airgain-fwa-easy-installation-kit
1e9c09_bf3860f4be53472986ccf52118d085af~mv2.jpg	interstellar05
1e9c09_c7e5dae80c934407a43287d091039e9a~mv2.jpg	airgain-fwa-easy-installation-kit
1e9c09_69b74b4548304195ad5aabb4d7d8f537f000.jpg	airgain-fwa-easy-installation-kit
1e9c09_c46f1ca859b345ff9e2c7089fff81e37~mv2.png	t-interceptor-cs
1e9c09_fc2395bd9ca946a3ac80c28bdba612a8~mv2.png	moai-router
1e9c09_c0b3121fc0924e82809ef887735a616b~mv2.png	airgain-fwa-easy-installation-kit
1e9c09_6f73b6955f1748b4b7249ab1773e84f3~mv2.png	ocean-series
1e9c09_c74bc10f1ead45de85cf36dd9f04438a~mv2.jpg	t-interceptormp
1e9c09_b6df4b7e39f64785b2963c670e3852eb~mv2.jpg	home
1e9c09_6ae8fc7b18e1424f8adf5548ca84b453~mv2.jpg	ocean-series
1e9c09_904c1255bfee44d59064a44c8cad1eb7~mv2.jpg	ocean-series
1e9c09_ca3d3806915a41b3ac4d458ad4dd4ec7~mv2.jpg	networking
1e9c09_d436ecda62554ee4a64f67e63813f0a4~mv2.png	parametric-pattern-design
1e9c09_3edc8e4edef24edfa5e8f6a422178e9a~mv2.jpg	nlg-mma200
1e9c09_a5540f8d88b143d2a1340e04571412ae~mv2.jpg	teana-earbuds
1e9c09_8bac3b1ae31b4be3a9ecbe3f46f73fec~mv2.jpg	t-blade
1e9c09_7e533db3abc34d9d9743d3f0a5a5c338~mv2.png	home
1e9c09_2dfdcd33743e447ab0df336123bacf95~mv2.jpg	wi-fi7-2022
1e9c09_28b9f349b9304974a3532dc02645f352~mv2.png	t-blade
1e9c09_75b414a7b2844d5e982debdec002a7a6~mv2.png	parametric-pattern-design
1e9c09_55d5e3a3118b4411b85c6dbe0cb8704f~mv2.jpg	interstellar05
1e9c09_90715b3841e84f579139c820baa99614~mv2.jpg	defense
1e9c09_1a16dd05e6884740b896a72adf2cfb14~mv2.jpg	electronics
1e9c09_d07b1b2005e846eba9260cf0ddc9d318~mv2.jpg	ocean-series
1e9c09_6d242f2d0dc04487aa2a80abe872eaf8~mv2.png	parametric-pattern-design
1e9c09_0ec80f054543497b8d292f1740ef194d~mv2.jpg	t-interceptormp
1e9c09_aaaff3e2c3ed4610a02fe75ef0f259c1~mv2.jpg	ocean-series
1e9c09_3f357a2925ba4a88afeaa335caa11ca7~mv2.jpg	geometry-series
1e9c09_b0f0bf506b1f443d909364562a801a96~mv2.jpg	nlg-mma200
1e9c09_c9269e6a1da64093b6eda8aff4523e5af000.jpg	wi-fi7-hgu-ap
1e9c09_03ad3edaacf84112ad4eba9cf5ad4caf~mv2.png	shared
1e9c09_0aea2fa71acb4033acb8db0c8065c5a4~mv2.jpg	lifestyle
1e9c09_3bd5aadda356427ebc39135990dddfc5~mv2.jpg	speeder-pro-earbuds
1e9c09_21435779cadb4143adc7cf9e5ba3f6d4~mv2.jpg	t-blade
1e9c09_79091c3e8ecc4574b408dc22f0aad320~mv2.png	parametric-pattern-design
1e9c09_9efb6a33e5624617901c555c09470856~mv2.jpg	lionic-lionfilter-200
1e9c09_a195b1086a734c5eaf75427979493336~mv2.jpg	moai-router
1e9c09_694e160bca6f4d9291338071064e9e51~mv2.jpg	jcg-tough-welding
1e9c09_afae5c57e9b64caf8954d8c4dc94f5b7~mv2.jpg	defense
1e9c09_621544e5fe6b49058e81d7c512923ba2~mv2.png	wi-fi7-gaming-home-gateway
1e9c09_6ba69f4e78fc44e3a584d972db21c687~mv2.png	geometry-series
1e9c09_2f7b3fe19ce1442f827f7583473fc349~mv2.jpg	geometry-series
1e9c09_5aab8b6fc2d847a4a142e2e971b35a20~mv2.jpg	airgain-fwa-easy-installation-kit
1e9c09_650addb87b3e4ddf9970136c04ee934c~mv2.png	wi-fi7-extender
1e9c09_351c898ef60644a58f636209ee22c46c~mv2.jpg	wi-fi7-hgu-ap
1e9c09_09b15459f73c42958d38b8a93d97be23~mv2.png	parametric-pattern-design
1e9c09_fe784b88cc674f289af4cbf0cb20acab~mv2.jpg	zenfone-9
1e9c09_2a8c916e1a014cf28a7bcd2609b328b5~mv2.jpg	networking
1e9c09_bc1a37a7dc5f4efb8943114da57ca8c3~mv2.jpg	geometry-series
1e9c09_82ffbbce450a4f5197a4a18595a9246d~mv2.jpg	interstellar05
1e9c09_b0434184f2a7441690a9177777231d3e~mv2.jpg	wi-fi7-2022
1e9c09_da2fa43c542e439cbfcbc9c039e8ad94~mv2.png	wi-fi7-hgu-ap
1e9c09_6bb8af829a214e0683ee0c29a51c400a~mv2.png	wi-fi7-hgu-ap
1e9c09_0f4af45efe454923bca3f2c13065cc0c~mv2.jpg	t-interceptor-cs
1e9c09_adaf563b2b1f4e49991626038cd604ad~mv2.jpg	airgain-fwa-easy-installation-kit
1e9c09_f91141260fcd4ecd903fd7e574aae9e9~mv2.jpg	nlg-mma200
1e9c09_33e81f59b4564b7f963b7f32fbfd6793~mv2.png	interstellar05
1e9c09_112f9c8a08f644fb9697aa7fc5576eef~mv2.jpg	wi-fi7-gaming-home-gateway
1e9c09_e9a5cc21e21a4e429e2b2dc4a660e7f2~mv2.jpg	sagittarius-laptop
1e9c09_bbe39854ba754288aa4fdf8e72889768~mv2.jpg	t-blade
1e9c09_1901a25a0d314de09a32625371effc71~mv2.jpg	ocean-series
1e9c09_25cb2ee698df47c7814a18c7c2b0848c~mv2.jpg	ocean-series
1e9c09_0e2f20ab43524f56bb180a634e19b1e5~mv2.png	wi-fi7-hgu-ap
1e9c09_43b8af44bdf64f55b87549876eec20a5~mv2.jpg	about
1e9c09_4154f5afc6ed416a8d70144b8e3eb4a8~mv2.jpg	interstellar05
1e9c09_c1ef94fec8d44eb783b10c4373009cbf~mv2.jpg	wi-fi7-2022
1e9c09_d63bc21fd4fb41e0b363ceaabceeb9cc~mv2.jpg	sagittarius-laptop
1e9c09_ef45e573aabf4b0d9d0a48b33ed102ea~mv2.jpg	interstellar05
1e9c09_42048cdfe64b4ef7bb94c9a09262cc16~mv2.jpg	electronics
1e9c09_bb22e8caea9d40c0be9402d7533862b7~mv2.jpg	nlg-mma200
1e9c09_7259c5367afd4ab79e27b5831f348fe5~mv2.jpg	wi-fi7-2022
1e9c09_b1e606d8e4e747d6be7c8ab4b775b34b~mv2.jpg	t-interceptormp
1e9c09_303ca8c90a114e20ac04a2eff32070b8~mv2.png	moai-router
1e9c09_9d1e76a0363046e5a2bc560f2dc21b58~mv2.jpg	jcg-tough-welding
1e9c09_9030833a9e944cdc947748d8abaa0225~mv2.png	about
1e9c09_a7d2b1666d4c40ae845e074aa7ec5f64~mv2.jpg	networking
1e9c09_9c003509d7dc4c90b57d86cc580022e3~mv2.jpg	ai-tool-kit
1e9c09_b3ead4b46dce40be921c0d75aafd2cb4~mv2.jpg	moai-router
1e9c09_62adce34def1429ea36021b813d4c5e8~mv2.jpg	jcg-tough-welding
1e9c09_97237285c6504433b6431a5ea4245955~mv2.jpg	interstellar05
1e9c09_ceb314d104e448fc980aafce52d48f25~mv2.jpg	jcg-tough-welding
1e9c09_3ed6e9ec02644d2bbd462cf045be1b3d~mv2.jpg	networking
1e9c09_0e0a98e8edc3480e816d4ddfcf163ed4~mv2.jpg	t-interceptormp
1e9c09_aecc378458e54d0985e7bbe2ba5d2bd0~mv2.png	sagittarius-laptop
1e9c09_e86fdbfdc79849d6a971154ba315939c~mv2.jpg	zenfone-9
1e9c09_12a55006a23a47f19cfb8838d2fabd89~mv2.jpg	lifestyle
1e9c09_f594975553624f32b27f2c3c9e5e58fb~mv2.jpg	t-interceptor-cs
1e9c09_ad3a7f3b7f80425a8dbbb58ecb421c59~mv2.png	parametric-pattern-design
1e9c09_e70cf5775cc14356bdad05f551763c4d~mv2.jpg	geometry-series
1e9c09_eb051d5bb407414ebac942b8a5c90ed9~mv2.jpg	interstellar05
1e9c09_4b183f8254274a798fd2190db3e619ff~mv2.png	t-blade
1e9c09_56f3bf1699bb4e948812dd85f89a05f6~mv2.jpg	moai-router
1e9c09_e09215f6dc1e4fe2bdac5f66e3d7e4e6~mv2.jpg	moai-router
1e9c09_7f1cfd7350ae45fc81921256c93f780c~mv2.jpg	t-interceptormp
1e9c09_15dd563b4bb2432ba34628450ef87d7a~mv2.jpg	defense
11062b_d578b9d4ffba48c68d086ec29fe9e6f0f000.jpg	wi-fi7-hgu-ap
1e9c09_2e26d72a9404457eb18b9b3eaff0ad9c~mv2.jpg	teana-earbuds
1e9c09_85e82cb746fa4b15955b62198a3f96e3~mv2.png	zenfone-9
1e9c09_0022af7001604ddf90587b2e73ec8de8~mv2.png	about
1e9c09_bea5d956bab14b6fba68fc997bc0379e~mv2.jpg	about
1e9c09_6c49ad0750504beeb8346e3f2c12a6f9~mv2.jpg	t-blade
1e9c09_2bc1af0fe99a4e699377ea3be2af2f04~mv2.jpg	ai-tool-kit
1e9c09_8bbfc7f12d034e089a592e5b48567b3f~mv2.jpg	networking
1e9c09_edb51c38dc614785999af7746c6d65a4~mv2.png	geometry-series
1e9c09_5b758ae2cdf74bcd8083a498fcc3516a~mv2.jpg	interstellar05
1e9c09_d218eeb8edee40038e2a939e80302d24~mv2.jpg	airgain-fwa-easy-installation-kit
1e9c09_b0e0fb6c21d24fb5939db74a50bd9441~mv2.png	wi-fi7-hgu-ap
1e9c09_24d8338b22dd4ae9a81f98261a9464ca~mv2.png	moai-router
1e9c09_4912f5c5e0734183894d3f5c6994b8b8~mv2.png	wi-fi7-extender
1e9c09_e0352886d80641a186332eeb0ff4eb87~mv2.png	t-interceptor-cs
1e9c09_41c646833a4e4f93bad362a1274c575f~mv2.jpg	home
1e9c09_ec2bc437779c4f02ada22c07ef6a5ca2~mv2.png	moai-router
1e9c09_720a9eccd1f54cc984ee70f572484fe7~mv2.png	parametric-pattern-design
1e9c09_117b14bb87564ea3a8aa897b8aa8e5f1~mv2.jpg	wi-fi7-gaming-home-gateway
1e9c09_adb2e0ff7eeb43b59098e4a340af5ccc~mv2.jpg	nlg-mma200
1e9c09_1ab080fa986741e887bd0749907c565f~mv2.jpg	wi-fi7-gaming-home-gateway
1e9c09_27a56a6054b4460884cf585f5319e3e6~mv2.jpg	interstellar05
1e9c09_9ad3b2aadedc4e9287d5b7545e311723~mv2.png	wi-fi7-extender
1e9c09_cc76623ee983415c9ee2e4d41192e84d~mv2.jpg	home
1e9c09_123c9c779d6448cfae973cbee7e01d1a~mv2.png	assistive-products
1e9c09_534a10227645460484f42e53feb1a485~mv2.jpg	wi-fi7-gaming-home-gateway
1e9c09_11483dfa1e6f489791d5612e0ae21030~mv2.png	parametric-pattern-design
1e9c09_4379734c729340ca8acb601948e1b654f000.jpg	airgain-fwa-easy-installation-kit
1e9c09_7c85eaf6152a4cbbae351652f8831da9~mv2.jpg	interstellar05
1e9c09_846131dd4c2a453e96fe58b058ecb106~mv2.png	about
1e9c09_7a4594285f2d4b90a94790a12b5ab09f~mv2.png	wi-fi7-2022
1e9c09_5131bc5a80c649cab0b941a89d5cef9d~mv2.jpg	wi-fi7-gaming-home-gateway
1e9c09_adbebd7232e046889b0c4d1d76fda73b~mv2.jpg	interstellar05
1e9c09_15808910e52641b29af7a03efa9c285f~mv2.png	wi-fi7-gaming-home-gateway
1e9c09_e5d98527df1c434d970b36ae59d0f0e2~mv2.jpg	home
1e9c09_a8c791a3a26e4d1b9e1e4b710b1a22c6~mv2.jpg	moai-router
1e9c09_cfe9c05a1ad348d8aba0a0ba80cb964c~mv2.jpg	speeder-pro-earbuds
1e9c09_d9583177313b4a49b7ca96784d1f353f~mv2.jpg	wi-fi7-hgu-ap
1e9c09_88ace3cf8baf4468b07b0f26b02044c5~mv2.jpg	moai-router
1e9c09_1c1311eecafd48c3a12fbe2062fd5dd6~mv2.png	home
1e9c09_284f88eaa3824126afe9662935906abf~mv2.jpg	moai-router
1e9c09_5ec33e411e4c47689bc92ce4b6a1d151~mv2.png	airgain-fwa-easy-installation-kit
1e9c09_c002c9f9aa04470ca626996721647af5~mv2.jpg	interstellar05
1e9c09_a7b52afea6af4dcbaa963d96cfd9ab49~mv2.jpg	about
1e9c09_577d0e2197224ece839952e47b527ec6~mv2.jpg	wi-fi7-hgu-ap
1e9c09_9870ae3310044b4a884075e46d0e006e~mv2.jpg	nlg-mma200
1e9c09_fb8f419a0c9344bebdf6fbde25a19ad2~mv2.jpg	wi-fi7-extender
1e9c09_bfcccecfd44a41359ca76da0e537ad51~mv2.jpg	home
1e9c09_cd85db1e720b432ca1c0e28132560316~mv2.jpg	t-blade
1e9c09_a47abfb4fa7e4398a0225033dc8fea93~mv2.png	t-interceptormp
1e9c09_f37fa84cf93e4d98a5e1c389bb22fc5e~mv2.jpg	ocean-series
1e9c09_a2d2dc96497644cd9aa3f0cd31378851~mv2.png	moai-router
1e9c09_436d137e5fb54334b193b22ccec6974b~mv2.jpg	home
1e9c09_27ecec1fcefe4341a014f22d02661eb3~mv2.jpg	wi-fi7-2022
1e9c09_d4b568f27cc848f98083e7e78eb5f675~mv2.png	lionic-lionfilter-200
1e9c09_433dd6b7c799465799e7f809e8394d64~mv2.png	wi-fi7-extender
1e9c09_5bfd3be5c8a44d74a4c6c0d7e9d84b49~mv2.jpg	geometry-series
1e9c09_70715d2273dc4b55a072c920aa756c2b~mv2.jpg	geometry-series
1e9c09_f326763edfef4b2baf4d242b0ef3d2e3~mv2.jpg	nlg-mma200
1e9c09_2bd13254f41642ad9ec986994e2c0d47~mv2.jpg	t-blade
1e9c09_59102184612b42249801967a03d4b802~mv2.png	assistive-products
1e9c09_a544513dc3484ab387b7b2f8b67c6c4c~mv2.png	wi-fi7-extender
1e9c09_fbf2fde7ca9b48f5afd50a8550c7bbd2~mv2.png	ocean-series
11062b_b5690303a8ff470e9b1c03a24aff140b~mv2.png	shared
1e9c09_804d98ab746f484da88d9a4d6e7cc9df~mv2.jpg	industrial
1e9c09_2649ae3aae3d43d4bceb0c77f8cb7e69~mv2.jpg	t-interceptor-cs
1e9c09_85b0ed934b42489fb0615e3165f910cd~mv2.jpg	networking
1e9c09_ffb7e3c8f11d4089a0785e11866b142c~mv2.jpg	interstellar05
1e9c09_2ff765ba26b0465dafe29e65db434074~mv2.jpg	sagittarius-laptop
1e9c09_7319f0ff08dc4104901d18dd9da3ed71~mv2.jpg	t-blade
1e9c09_90f48ab240d44be091f1a2e1853bbf1d~mv2.png	about
1e9c09_706d6d33000949f985f4d55b71f7b40e~mv2.jpg	moai-router
1e9c09_9e3bc76e54ed4bca967b65e833f848fb~mv2.png	sagittarius-laptop
1e9c09_a0b75eaee3b34477b7ad88c97e1d824a~mv2.jpg	jcg-tough-welding
1e9c09_336cf4f58f3e480187b7fffadd4b4d17~mv2.png	wi-fi7-extender
1e9c09_052833aec20e446aa5247afc626330e9~mv2.png	wi-fi7-hgu-ap
1e9c09_3e28a48136a747afa63d9f7db1abb23c~mv2.jpg	wi-fi7-extender
1e9c09_8fe3e8d458ed4eda9e6cda32649de543~mv2.jpg	electronics
1e9c09_2705452094c34ab19a8db765f3a7038d~mv2.png	wi-fi7-extender
1e9c09_8cbac6cda7524df58b20de9ef431529e~mv2.jpg	moai-router
1e9c09_3d716e9f3c55459cba845bf0b0ed2067~mv2.jpg	home
1e9c09_bfa34ef7bc80483890b9e5618af09ac1~mv2.jpg	assistive-products
1e9c09_7902292e5c76408390f3e52d1ae12348~mv2.jpg	wi-fi7-2022
1e9c09_689330178c7f43e2b38a43f2f94eaf86~mv2.png	moai-router
1e9c09_6829acaa0cdd4f13ba57efe7c310dcf4~mv2.jpg	interstellar05
1e9c09_6977a9af4c014978af742a0bcf1eb547~mv2.jpg	assistive-products
1e9c09_aad28f65e71f4801aa87634f5774c274~mv2.png	wi-fi7-hgu-ap
1e9c09_6dd8cd08e14840e7b49b591ad2eee017~mv2.jpg	sagittarius-laptop
1e9c09_83984867e97647d6ad577439e44fabb9~mv2.jpg	interstellar05
1e9c09_137a853c120f4c9f8ef1c7c6ba50ee75~mv2.jpg	t-interceptor-cs
1e9c09_d9b261c349cd45e69325650a2683fe2b~mv2.png	geometry-series
1e9c09_0abc4840c11a4142af2949ce1cdc0f65~mv2.jpg	t-interceptor-cs
1e9c09_64aafe5893d94388ac43486c1e70f078~mv2.jpg	jcg-tough-welding
1e9c09_29a1b1160e48432a913d095ac42deb4d~mv2.png	interstellar05
1e9c09_268eb2b7eb9f402eb4f76b983c439412~mv2.jpg	airgain-fwa-easy-installation-kit
1e9c09_d3f20eb6c2f348aeb941b9c7b76b1077~mv2.png	zenfone-9
1e9c09_a8f2eff07c7b4c0f8c9fcd60681d58e5~mv2.png	geometry-series
1e9c09_e288629ad39843cfa936a54e54430a55~mv2.png	moai-router
1e9c09_17de8f8c36e143abaea5334b68d7c081~mv2.jpg	airgain-fwa-easy-installation-kit
1e9c09_d347cb8eb97f450db127895622e5ae31~mv2.png	zenfone-9
1e9c09_59a9bcdbaa0c45e9bdeb22ebd23700b0~mv2.jpg	airgain-fwa-easy-installation-kit
1e9c09_1ddebbe2fb2a4341a84d7d6c2e1d9ea4~mv2.jpg	lionic-lionfilter-200
1e9c09_109bc3421c5443cc94b44ae5410924b1~mv2.jpg	moai-router
1e9c09_3cc87ebebce047a7be702e0659152e36~mv2.jpg	about
1e9c09_fd6b9d7bc53d47ddb3811313e8917df7~mv2.jpg	nlg-mma200
1e9c09_2561fafdf40b4a908c14dd03f12f4a26~mv2.jpg	wi-fi7-2022
1e9c09_240bfe14cdf74c7c9e65db7abb11217c~mv2.jpg	wi-fi7-extender
1e9c09_c30cea5f15844d8aa5a141d8e774d273~mv2.jpg	wi-fi7-extender
1e9c09_4a60e7f02c7043f5b6650636042f6f83~mv2.png	parametric-pattern-design
1e9c09_715b939a70cd4852958266c46d3ebf57~mv2.jpg	lionic-lionfilter-200
1e9c09_60b6f812fa01479089064dfc267029d8~mv2.jpg	jcg-tough-welding
1e9c09_6b6761d0bffd4d58aa182b060225c99a~mv2.png	wi-fi7-hgu-ap
1e9c09_445a7912c5854f3c88666dd5f64f25e8~mv2.jpg	wi-fi7-2022
1e9c09_1f656b2f355a40d3975128b7557a57ba~mv2.png	moai-router
1e9c09_809e9c3ccaeb4e02a9b5adb644865022~mv2.png	t-interceptormp
1e9c09_7dadaba962644de4a37758a49ff2811c~mv2.jpg	networking
1e9c09_adc7c8ad82204c5ea02b9604bf639482~mv2.png	wi-fi7-hgu-ap
1e9c09_6ef5991ea0c34f92b35142e0068e830b~mv2.jpg	interstellar05
1e9c09_c35d8755c9ba42d29b26f2b9b4b9f6e9~mv2.jpg	wi-fi7-2022
1e9c09_0ee4af80fc0b446582c89c6a2986806d~mv2.jpg	wi-fi7-gaming-home-gateway
1e9c09_478e15ba416e42e79e1e6f3fae826a5c~mv2.png	moai-router
1e9c09_86f543c1a77d49da802d8306c8fbf338~mv2.jpg	nlg-mma200
1e9c09_41bf0ebb1dc549af9cf1feea411f8b85~mv2.jpg	nlg-mma200
1e9c09_aa50a390e50d441292672594a870c12d~mv2.png	wi-fi7-gaming-home-gateway
1e9c09_25021fb799814c24aa32a735832417ff~mv2.jpg	t-interceptormp
1e9c09_c74f40e2dc54420bb48c57249e743781~mv2.png	moai-router
1e9c09_e74b4edfc1a0480ba99e34fa6d75fc66~mv2.jpg	jcg-tough-welding
1e9c09_fe5c31058d1a4021a8bca305c8a49406~mv2.png	interstellar05
1e9c09_33dff4b2c7a44153a46490116894d452~mv2.png	experimental
1e9c09_1a2c87f912304577a1d1a5aae0682628~mv2.jpg	zenfone-9
1e9c09_6d7bb89aeb7b421c89eb3870d0d38810~mv2.jpg	jcg-tough-welding
1e9c09_068266b4c7474e6cb5997177092120e2~mv2.jpg	speeder-pro-earbuds
1e9c09_c90439633c4a4e05a0e555ac73432304~mv2.jpg	interstellar05
1e9c09_e9b4a0ea6a944a05b561490de830f93f~mv2.jpg	defense
1e9c09_5dd3ac10ebe349b9810391658ac0056f~mv2.jpg	zenfone-9
1e9c09_c5af0356a56741e38b1f7d177d1cad75~mv2.jpg	geometry-series
1e9c09_f8855bd034784c79874dcfe4b19224f0~mv2.jpg	wi-fi7-hgu-ap
1e9c09_f3c013b279f34b28a958735a3df9bb12~mv2.jpg	lionic-lionfilter-200
1e9c09_4e3734bcf3004898b5b668a28775a0b9~mv2.png	interstellar05
1e9c09_ae56c04a4a01428ea3d388850ef99b2f~mv2.jpg	lionic-lionfilter-200
1e9c09_75dc687c971b46c1812de038c70d9f1f~mv2.jpg	sagittarius-laptop
1e9c09_af3d539ebefe4cf9ba940fa2486a31b1~mv2.jpg	networking
1e9c09_c068f78bad584b6394f71a463d847dd8~mv2.jpg	speeder-pro-earbuds
1e9c09_7f2d9e81c5e44b43911c59e1505fb821~mv2.jpg	moai-router
1e9c09_bc890ea98e22475c976fef732e6b2202~mv2.jpg	ai-tool-kit
1e9c09_26d9893f51e84a79878e1befeeb07ec1~mv2.jpg	teana-earbuds
1e9c09_86372a651584484f9931080e2d36c3ba~mv2.jpg	wi-fi7-2022
1e9c09_f8c911460a6e4f3c9449a01b97fa8a88~mv2.jpg	wi-fi7-extender
1e9c09_26493bd061364f8b852421cb84b8dddc~mv2.jpg	moai-router
1e9c09_ba7711b7242b418fa2cd0387cfe74e0a~mv2.jpg	t-interceptor-cs
1e9c09_f87bda22d1dd4f4092fb804ca86aa17d~mv2.jpg	wi-fi7-gaming-home-gateway
1e9c09_3c2d36fcbde543cf8fc22986b4296b64~mv2.jpg	home
1e9c09_3d29113eb51f4a64838d582a40f4f0b6~mv2.png	wi-fi7-gaming-home-gateway
1e9c09_d3984392834f43ae825a353fc60eae45~mv2.jpg	speeder-pro-earbuds
1e9c09_a081c01a186846719aff7004c9e0b183~mv2.png	t-interceptormp
1e9c09_2e5d9e29e343458a892266507e2a85bf~mv2.jpg	wi-fi7-hgu-ap
1e9c09_73939dc0f59d4346aaed6f3833908be4~mv2.jpg	jcg-tough-welding
1e9c09_35ca2502f1ee4f549916cfb3a2b66a76~mv2.jpg	moai-router
1e9c09_3f44fe9722234be3bc6b14ef3f0dcef6~mv2.jpg	ocean-series
1e9c09_237bf14d14804cbe92be922d7537406f~mv2.jpg	wi-fi7-gaming-home-gateway
1e9c09_ab05f8203584445cb06710d642f0f471~mv2.png	about
1e9c09_4a7a9745189c46408200db9450f8afaf~mv2.jpg	t-interceptor-cs
1e9c09_d9d36d637f504a6abd48473b3c052bbb~mv2.png	t-interceptormp
1e9c09_96a55493a550444ba20a3613fe5eeb13~mv2.jpg	electronics
1e9c09_98b51e7bdcbb4b06a0a76d98e2a4e2d9~mv2.jpg	wi-fi7-2022
1e9c09_9c86e93afaf84acbbd83d542f6ff37d2~mv2.jpg	moai-router
1e9c09_be213f5886db46d9a36f8312b4d3f735~mv2.jpg	networking
1e9c09_cfeb16deed484f7885c1d0a3a10bdfb7~mv2.png	about
1e9c09_1ec62e81aaf14ab6ae8a56e7570fee73~mv2.png	t-interceptormp
1e9c09_d0c192425bb441c99a5691f808baa552~mv2.jpg	ai-tool-kit
1e9c09_66c9dd695ace46668c8266f5d4b1a506~mv2.png	zenfone-9
1e9c09_0563a47e983f4ccfa16cd2d7be1ea3b3~mv2.jpg	industrial
1e9c09_7cf67a3a3e84461e9e30057f2ccd53d2~mv2.png	interstellar05
1e9c09_f9bbacb62551475fab4307ba4fc393e7~mv2.jpg	jcg-tough-welding
1e9c09_8af9879ec6f14ed9bc3b733b77a8be0c~mv2.jpg	wi-fi7-2022
1e9c09_6f07f58802c940139ad7bf44035c2076~mv2.png	moai-router
1e9c09_018ee4e0076f452aacf50091463b69be~mv2.jpg	wi-fi7-gaming-home-gateway
1e9c09_e8052bb7396d4d90b7cda41aa421acc5~mv2.jpg	wi-fi7-gaming-home-gateway
1e9c09_15c13fff87b84d4ca8cb1c1245f6c06b~mv2.jpg	industrial
1e9c09_406798865ba94e31a59d2bc7794b0f83~mv2.jpg	lifestyle
1e9c09_bb84eb5eb88944958a51edc1a988e21f~mv2.jpg	wi-fi7-gaming-home-gateway
1e9c09_1efe379447f94d4ebbf94fc8fde8ec52~mv2.png	geometry-series
1e9c09_1a7c5ecce88c4bcabdcc005c0718d709~mv2.jpg	jcg-tough-welding
1e9c09_970aedd9dbe54234b7646a184d70664c~mv2.jpg	experimental
1e9c09_6de5734715b04d85a95be6a370780c4b~mv2.jpg	electronics
1e9c09_6fc2378835fe45a8ae0d6226c4021ee7~mv2.jpg	t-interceptor-cs
1e9c09_ffc82e355e1145c9a40d023fa020125e~mv2.jpg	t-interceptormp
1e9c09_b415c6c0d2fc4ad3a209ffb0b4f58791~mv2.png	sagittarius-laptop
1e9c09_e46dfccaee0a46b6b283fa2e1c1f0d1a~mv2.png	airgain-fwa-easy-installation-kit
1e9c09_14fbc4e2c38642c4a7ca38dddc9dcd95~mv2.jpg	wi-fi7-gaming-home-gateway
1e9c09_4de520de426c4c77b968aa90d5505416~mv2.png	moai-router
1e9c09_c36be6592fcd48f8945e69a7e2b52613~mv2.jpg	teana-earbuds
1e9c09_12ae7a3db70740a7adfc59b8ae7de943~mv2.jpg	moai-router
1e9c09_2c6d82ef0da846f9a73e4c7e7d3c27ca~mv2.png	zenfone-9
1e9c09_f0eb735da94b41aa97adf33d0b3950ce~mv2.jpg	wi-fi7-2022
1e9c09_8bff7ef97d5b4dc2a139970807e9f16f~mv2.png	wi-fi7-2022
1e9c09_11e69cd4117449f5bcb428e4e3eb28a4~mv2.jpg	t-interceptor-cs
1e9c09_8abf9ebb02014110902b7ecf0dbbb0ab~mv2.jpg	airgain-fwa-easy-installation-kit
1e9c09_b72d317e2d9643bd8b0a63ff7f6fff41~mv2.png	wi-fi7-2022
1e9c09_9e97048349a44b819f53b3a1b800e836~mv2.png	wi-fi7-hgu-ap
1e9c09_95c9fb1d011549e5998ea269df3c6eb5~mv2.jpg	wi-fi7-gaming-home-gateway
1e9c09_adcee7e1c02d41f1905de69717d1b61c~mv2.jpg	ocean-series
1e9c09_8f505d5d88d84506a9990a29a2eb1096~mv2.jpg	teana-earbuds
1e9c09_cd7fbb8927234ae8843c11ed54cbe310~mv2.png	wi-fi7-extender
1e9c09_fb6200ee7b2a40c59bc4c4388ca2c24b~mv2.jpg	t-blade
1e9c09_9e3149f4fb62436d88f24b1bac854e51~mv2.jpg	t-interceptormp
1e9c09_6db46c56cb10482dbcbbfb3c0eaa6919~mv2.jpg	home
1e9c09_3b20dc3bab3044bbbc80efe70e6e5111~mv2.png	parametric-pattern-design
1e9c09_85d247e6b5624d5ca156838de0e61fd2~mv2.png	parametric-pattern-design
1e9c09_2b52b581c7284ab49182eb7f76077af1~mv2.jpg	t-interceptormp
1e9c09_42d3ce375da7495bad2b354eb98d3454~mv2.jpg	wi-fi7-hgu-ap
1e9c09_15125414c60f4457b80bb6067aba4e58~mv2.png	parametric-pattern-design
1e9c09_d9803c89ba474520b8414142efb9254e~mv2.png	geometry-series
1e9c09_d512d4ae70404a869a8b2ed28a69eb0e~mv2.png	wi-fi7-hgu-ap
1e9c09_d5181c7ce4aa4f37b7280be06c1d8ef4~mv2.jpg	lionic-lionfilter-200
1e9c09_0edea60a5320434cb3b27e0c24a30dcf~mv2.png	sagittarius-laptop
1e9c09_bbca71357dfd4b95b0834ce852db7b41~mv2.jpg	sagittarius-laptop
1e9c09_18d5339364744290bc17f879e5f1b1f6~mv2.png	moai-router
1e9c09_d623999e6182427f96d045aeb2c8bc78~mv2.jpg	interstellar05
1e9c09_5fe566abbd5c4e51a05a635b3fed1be4~mv2.jpg	t-interceptormp
1e9c09_0e37fa0f42214271b15488dc816a6f03~mv2.png	wi-fi7-2022
1e9c09_72b4bf703afa4dd499eb2a595f485b77~mv2.png	wi-fi7-extender
1e9c09_58cd8eda4047425a896168402b00431d~mv2.jpg	interstellar05
1e9c09_e6e348550d54420c971bd97de0faddd5~mv2.png	wi-fi7-extender
1e9c09_82dce6b5f2334a518b271e3f06e05c17~mv2.jpg	airgain-fwa-easy-installation-kit
1e9c09_1509c92788614faca3e8760aca8a38e0~mv2.png	t-blade
1e9c09_0d77b856267c44e0a7583e2c239ccc78~mv2.jpg	interstellar05
1e9c09_abf3056653d646b4a3a1d000bdc5a63b~mv2.png	geometry-series
1e9c09_788dbd30c1ca4a1ca5919ea061d3b3db~mv2.jpg	industrial
1e9c09_282b695f7a5c4edcb9e234f0ecbcda3a~mv2.jpg	wi-fi7-hgu-ap
1e9c09_146193d27b1247b495f7bec4c341b9f0~mv2.jpg	lifestyle
1e9c09_21d93c94d60c4486a69a478e60a76968~mv2.jpeg	nlg-mma200
1e9c09_a22d92af9e1d4ddfa392440dd9ff1ba7~mv2.png	geometry-series
1e9c09_87637b85c28f4e05905c9074ee690aa4~mv2.jpg	nlg-mma200
1e9c09_f36c6a1a41b1420c93561f9280b491f4~mv2.jpg	lifestyle
1e9c09_4f4f5a4ec0424083a29fd7fb3c59c04e~mv2.jpg	wi-fi7-extender
1e9c09_7a49dbf4709d4998a26396b0eeeb8985~mv2.jpg	interstellar05
1e9c09_41de3ddba202445a81cf8c93c3e35bbb~mv2.jpg	electronics
1e9c09_0db88d0b04bd46e2aee9405cf6e68838~mv2.jpg	assistive-products
1e9c09_e1601682f0b44f60a60fe83e7571d76e~mv2.jpg	nlg-mma200
1e9c09_a41d0c97734345049d51675cf81834bb~mv2.jpg	moai-router
1e9c09_33a3e1eaee2e4345a7d44c4eecfc6626~mv2.png	airgain-fwa-easy-installation-kit
1e9c09_05ae5e7abce84aa4b8b380a756eda0ea~mv2.png	parametric-pattern-design
1e9c09_62ac79bbf94742adb43a8ad1b7aced04~mv2.jpg	jcg-tough-welding
1e9c09_a10f581cd0814e308db0b0e5daa4c327~mv2.png	sagittarius-laptop
1e9c09_5df53ece9aaf417a96ed392ee4689ae4~mv2.jpg	speeder-pro-earbuds
1e9c09_5fe37ac84058457399f728893cd99cf7~mv2.png	parametric-pattern-design
1e9c09_cc0cd601a3e94d13a20934383b7cac29~mv2.png	jcg-tough-welding
1e9c09_c1691240c8204ada855646e62e661c11~mv2.png	home
1e9c09_4a1b4da40871454d8c6ba7c5874b14d0~mv2.png	wi-fi7-hgu-ap
1e9c09_e67511e287594fed9ee981edd66ebbc1~mv2.jpg	wi-fi7-hgu-ap
1e9c09_fa37ca0412ad4e708d28d49156be55e6~mv2.png	parametric-pattern-design
1e9c09_0a59acde1bdb4d7b9cc3f0e0c3a7d9a8~mv2.png	jcg-tough-welding
1e9c09_97b35c1cdde141f4a721a93096b3a1d6~mv2.jpg	interstellar05
1e9c09_9d52ad706e98425e83086666240b23e3~mv2.jpg	jcg-tough-welding
1e9c09_0b7b94a1b39d403e8e7d2660fa32da10~mv2.png	interstellar05
1e9c09_a5fc0862968d49c39752ee9c288f5d39~mv2.jpg	home
1e9c09_c02c9bfba48a449586cce32b47e38566~mv2.jpg	t-interceptormp
1e9c09_fe160bf7d6af42dba718234a17f3743d~mv2.jpg	about
1e9c09_f50023ce0c67490ab48c10907b7283e0~mv2.png	interstellar05
1e9c09_45f5d0218f854795ae7bd82e76715288~mv2.jpg	sagittarius-laptop
1e9c09_cd3e94b822304714b845d85b82a7ab4c~mv2.jpg	wi-fi7-gaming-home-gateway
1e9c09_deb9ea5379fe4c00bc65b21c7269902d~mv2.jpg	geometry-series
1e9c09_b94a1c6c34d945f8bca1d961d5b1d4f3~mv2.png	wi-fi7-gaming-home-gateway
1e9c09_fbf758d8b545432da1d69b90f4b1bcd6~mv2.jpg	wi-fi7-gaming-home-gateway
1e9c09_0ee361d432a041eeb66d6d312225f82e~mv2.jpg	industrial
1e9c09_9d2abbafc67942c7b403937bd89a8218~mv2.jpg	airgain-fwa-easy-installation-kit
1e9c09_735623ae86fd4db091375061550c1f9d~mv2.png	t-blade
1e9c09_c3fe498f46e74b889afec4cafb28796e~mv2.png	wi-fi7-extender
1e9c09_60f61af6a8b1471d98a1c170b4fff890~mv2.jpg	industrial
1e9c09_612c85c3d66f4fd7a4eabd54d520c7b2~mv2.jpg	interstellar05
